-- Definimos un estilo inicial
INSERT INTO ESTILO (id_estilo, fondo, reverso, muestroEstilo) 
VALUES (1, 'fondo_clasico.png', 'reverso_default.png', TRUE);

-- cartas normales del uno de un numero

-- Cartas Amarillas
INSERT INTO CARTA (id_carta, id_estilo) VALUES (0, 1);
INSERT INTO CARTA_DE_NUMERO (id_carta, color, numero) VALUES (0, 'amarillo', 0);

INSERT INTO CARTA (id_carta, id_estilo) VALUES (1, 1);
INSERT INTO CARTA_DE_NUMERO (id_carta, color, numero) VALUES (1, 'amarillo', 1);

INSERT INTO CARTA (id_carta, id_estilo) VALUES (2, 1);
INSERT INTO CARTA_DE_NUMERO (id_carta, color, numero) VALUES (2, 'amarillo', 2);

INSERT INTO CARTA (id_carta, id_estilo) VALUES (3, 1);
INSERT INTO CARTA_DE_NUMERO (id_carta, color, numero) VALUES (3, 'amarillo', 3);

INSERT INTO CARTA (id_carta, id_estilo) VALUES (4, 1);
INSERT INTO CARTA_DE_NUMERO (id_carta, color, numero) VALUES (4, 'amarillo', 4);

INSERT INTO CARTA (id_carta, id_estilo) VALUES (5, 1);
INSERT INTO CARTA_DE_NUMERO (id_carta, color, numero) VALUES (5, 'amarillo', 5);

INSERT INTO CARTA (id_carta, id_estilo) VALUES (6, 1);
INSERT INTO CARTA_DE_NUMERO (id_carta, color, numero) VALUES (6, 'amarillo', 6);


INSERT INTO CARTA (id_carta, id_estilo) VALUES (7, 1);
INSERT INTO CARTA_DE_NUMERO (id_carta, color, numero) VALUES (7, 'amarillo', 7);

INSERT INTO CARTA (id_carta, id_estilo) VALUES (8, 1);
INSERT INTO CARTA_DE_NUMERO (id_carta, color, numero) VALUES (8, 'amarillo', 8);

INSERT INTO CARTA (id_carta, id_estilo) VALUES (9, 1);
INSERT INTO CARTA_DE_NUMERO (id_carta, color, numero) VALUES (9, 'amarillo', 9);

-- Cartas Verdes
INSERT INTO CARTA (id_carta, id_estilo) VALUES (10, 1);
INSERT INTO CARTA_DE_NUMERO (id_carta, color, numero) VALUES (10, 'verde', 0);

INSERT INTO CARTA (id_carta, id_estilo) VALUES (11, 1);
INSERT INTO CARTA_DE_NUMERO (id_carta, color, numero) VALUES (11, 'verde', 1);

INSERT INTO CARTA (id_carta, id_estilo) VALUES (12, 1);
INSERT INTO CARTA_DE_NUMERO (id_carta, color, numero) VALUES (12, 'verde', 2);

INSERT INTO CARTA (id_carta, id_estilo) VALUES (13, 1);
INSERT INTO CARTA_DE_NUMERO (id_carta, color, numero) VALUES (13, 'verde', 3);

INSERT INTO CARTA (id_carta, id_estilo) VALUES (14, 1);
INSERT INTO CARTA_DE_NUMERO (id_carta, color, numero) VALUES (14, 'verde', 4);

INSERT INTO CARTA (id_carta, id_estilo) VALUES (15, 1);
INSERT INTO CARTA_DE_NUMERO (id_carta, color, numero) VALUES (15, 'verde', 5);

INSERT INTO CARTA (id_carta, id_estilo) VALUES (16, 1);
INSERT INTO CARTA_DE_NUMERO (id_carta, color, numero) VALUES (16, 'verde', 6);


INSERT INTO CARTA (id_carta, id_estilo) VALUES (17, 1);
INSERT INTO CARTA_DE_NUMERO (id_carta, color, numero) VALUES (17, 'verde', 7);

INSERT INTO CARTA (id_carta, id_estilo) VALUES (18, 1);
INSERT INTO CARTA_DE_NUMERO (id_carta, color, numero) VALUES (18, 'verde', 8);

INSERT INTO CARTA (id_carta, id_estilo) VALUES (19, 1);
INSERT INTO CARTA_DE_NUMERO (id_carta, color, numero) VALUES (19, 'verde', 9);

-- Cartas Rojas
INSERT INTO CARTA (id_carta, id_estilo) VALUES (20, 1);
INSERT INTO CARTA_DE_NUMERO (id_carta, color, numero) VALUES (20, 'rojo', 0);

INSERT INTO CARTA (id_carta, id_estilo) VALUES (21, 1);
INSERT INTO CARTA_DE_NUMERO (id_carta, color, numero) VALUES (21, 'rojo', 1);

INSERT INTO CARTA (id_carta, id_estilo) VALUES (22, 1);
INSERT INTO CARTA_DE_NUMERO (id_carta, color, numero) VALUES (22, 'rojo', 2);

INSERT INTO CARTA (id_carta, id_estilo) VALUES (23, 1);
INSERT INTO CARTA_DE_NUMERO (id_carta, color, numero) VALUES (23, 'rojo', 3);

INSERT INTO CARTA (id_carta, id_estilo) VALUES (24, 1);
INSERT INTO CARTA_DE_NUMERO (id_carta, color, numero) VALUES (24, 'rojo', 4);

INSERT INTO CARTA (id_carta, id_estilo) VALUES (25, 1);
INSERT INTO CARTA_DE_NUMERO (id_carta, color, numero) VALUES (25, 'rojo', 5);

INSERT INTO CARTA (id_carta, id_estilo) VALUES (26, 1);
INSERT INTO CARTA_DE_NUMERO (id_carta, color, numero) VALUES (26, 'rojo', 6);


INSERT INTO CARTA (id_carta, id_estilo) VALUES (27, 1);
INSERT INTO CARTA_DE_NUMERO (id_carta, color, numero) VALUES (27, 'rojo', 7);

INSERT INTO CARTA (id_carta, id_estilo) VALUES (28, 1);
INSERT INTO CARTA_DE_NUMERO (id_carta, color, numero) VALUES (28, 'rojo', 8);

INSERT INTO CARTA (id_carta, id_estilo) VALUES (29, 1);
INSERT INTO CARTA_DE_NUMERO (id_carta, color, numero) VALUES (29, 'rojo', 9);


-- Cartas Azules
INSERT INTO CARTA (id_carta, id_estilo) VALUES (30, 1);
INSERT INTO CARTA_DE_NUMERO (id_carta, color, numero) VALUES (30, 'azul', 0);

INSERT INTO CARTA (id_carta, id_estilo) VALUES (31, 1);
INSERT INTO CARTA_DE_NUMERO (id_carta, color, numero) VALUES (31, 'azul', 1);

INSERT INTO CARTA (id_carta, id_estilo) VALUES (32, 1);
INSERT INTO CARTA_DE_NUMERO (id_carta, color, numero) VALUES (32, 'azul', 2);

INSERT INTO CARTA (id_carta, id_estilo) VALUES (33, 1);
INSERT INTO CARTA_DE_NUMERO (id_carta, color, numero) VALUES (33, 'azul', 3);

INSERT INTO CARTA (id_carta, id_estilo) VALUES (34, 1);
INSERT INTO CARTA_DE_NUMERO (id_carta, color, numero) VALUES (34, 'azul', 4);

INSERT INTO CARTA (id_carta, id_estilo) VALUES (35, 1);
INSERT INTO CARTA_DE_NUMERO (id_carta, color, numero) VALUES (35, 'azul', 5);

INSERT INTO CARTA (id_carta, id_estilo) VALUES (36, 1);
INSERT INTO CARTA_DE_NUMERO (id_carta, color, numero) VALUES (36, 'azul', 6);

INSERT INTO CARTA (id_carta, id_estilo) VALUES (37, 1);
INSERT INTO CARTA_DE_NUMERO (id_carta, color, numero) VALUES (37, 'azul', 7);

INSERT INTO CARTA (id_carta, id_estilo) VALUES (38, 1);
INSERT INTO CARTA_DE_NUMERO (id_carta, color, numero) VALUES (38, 'azul', 8);

INSERT INTO CARTA (id_carta, id_estilo) VALUES (39, 1);
INSERT INTO CARTA_DE_NUMERO (id_carta, color, numero) VALUES (39, 'azul', 9);


-- cartas especiales por color
-- +2
INSERT INTO CARTA (id_carta, id_estilo) VALUES (40, 1);
INSERT INTO CARTA_ESPECIAL_COLOR (id_carta, color, tipo) VALUES (40, 'amarillo', '+2');

INSERT INTO CARTA (id_carta, id_estilo) VALUES (41, 1);
INSERT INTO CARTA_ESPECIAL_COLOR (id_carta, color, tipo) VALUES (41, 'verde', '+2');

INSERT INTO CARTA (id_carta, id_estilo) VALUES (42, 1);
INSERT INTO CARTA_ESPECIAL_COLOR (id_carta, color, tipo) VALUES (42, 'rojo', '+2');

INSERT INTO CARTA (id_carta, id_estilo) VALUES (43, 1);
INSERT INTO CARTA_ESPECIAL_COLOR (id_carta, color, tipo) VALUES (43, 'azul', '+2');

-- skip (saltar)
INSERT INTO CARTA (id_carta, id_estilo) VALUES (44, 1);
INSERT INTO CARTA_ESPECIAL_COLOR (id_carta, color, tipo) VALUES (44, 'amarillo', 'skip');

INSERT INTO CARTA (id_carta, id_estilo) VALUES (45, 1);
INSERT INTO CARTA_ESPECIAL_COLOR (id_carta, color, tipo) VALUES (45, 'verde', 'skip');

INSERT INTO CARTA (id_carta, id_estilo) VALUES (46, 1);
INSERT INTO CARTA_ESPECIAL_COLOR (id_carta, color, tipo) VALUES (46, 'rojo', 'skip');

INSERT INTO CARTA (id_carta, id_estilo) VALUES (47, 1);
INSERT INTO CARTA_ESPECIAL_COLOR (id_carta, color, tipo) VALUES (47, 'azul', 'skip');

-- extra turno
INSERT INTO CARTA (id_carta, id_estilo) VALUES (48, 1);
INSERT INTO CARTA_ESPECIAL_COLOR (id_carta, color, tipo) VALUES (48, 'amarillo', 'extra_turn');

INSERT INTO CARTA (id_carta, id_estilo) VALUES (49, 1);
INSERT INTO CARTA_ESPECIAL_COLOR (id_carta, color, tipo) VALUES (49, 'verde', 'extra_turn');

INSERT INTO CARTA (id_carta, id_estilo) VALUES (50, 1);
INSERT INTO CARTA_ESPECIAL_COLOR (id_carta, color, tipo) VALUES (50, 'rojo', 'extra_turn');

INSERT INTO CARTA (id_carta, id_estilo) VALUES (51, 1);
INSERT INTO CARTA_ESPECIAL_COLOR (id_carta, color, tipo) VALUES (51, 'azul', 'extra_turn');

-- juegan impares
INSERT INTO CARTA (id_carta, id_estilo) VALUES (52, 1);
INSERT INTO CARTA_ESPECIAL_COLOR (id_carta, color, tipo) VALUES (52, 'amarillo', 'play_odd');

INSERT INTO CARTA (id_carta, id_estilo) VALUES (53, 1);
INSERT INTO CARTA_ESPECIAL_COLOR (id_carta, color, tipo) VALUES (53, 'verde', 'play_odd');

INSERT INTO CARTA (id_carta, id_estilo) VALUES (54, 1);
INSERT INTO CARTA_ESPECIAL_COLOR (id_carta, color, tipo) VALUES (54, 'rojo', 'play_odd');

INSERT INTO CARTA (id_carta, id_estilo) VALUES (55, 1);
INSERT INTO CARTA_ESPECIAL_COLOR (id_carta, color, tipo) VALUES (55, 'azul', 'play_odd');

-- juegan pares
INSERT INTO CARTA (id_carta, id_estilo) VALUES (56, 1);
INSERT INTO CARTA_ESPECIAL_COLOR (id_carta, color, tipo) VALUES (56, 'amarillo', 'play_even');

INSERT INTO CARTA (id_carta, id_estilo) VALUES (57, 1);
INSERT INTO CARTA_ESPECIAL_COLOR (id_carta, color, tipo) VALUES (57, 'verde', 'play_even');

INSERT INTO CARTA (id_carta, id_estilo) VALUES (58, 1);
INSERT INTO CARTA_ESPECIAL_COLOR (id_carta, color, tipo) VALUES (58, 'rojo', 'play_even');

INSERT INTO CARTA (id_carta, id_estilo) VALUES (59, 1);
INSERT INTO CARTA_ESPECIAL_COLOR (id_carta, color, tipo) VALUES (59, 'azul', 'play_even');

-- reversa
INSERT INTO CARTA (id_carta, id_estilo) VALUES (60, 1);
INSERT INTO CARTA_ESPECIAL_COLOR (id_carta, color, tipo) VALUES (60, 'amarillo', 'reversa');

INSERT INTO CARTA (id_carta, id_estilo) VALUES (61, 1);
INSERT INTO CARTA_ESPECIAL_COLOR (id_carta, color, tipo) VALUES (61, 'verde', 'reversa');

INSERT INTO CARTA (id_carta, id_estilo) VALUES (62, 1);
INSERT INTO CARTA_ESPECIAL_COLOR (id_carta, color, tipo) VALUES (62, 'rojo', 'reversa');

INSERT INTO CARTA (id_carta, id_estilo) VALUES (63, 1);
INSERT INTO CARTA_ESPECIAL_COLOR (id_carta, color, tipo) VALUES (63, 'azul', 'reversa');

--reversa con castigo de robar cartas +2
INSERT INTO CARTA (id_carta, id_estilo) VALUES (64, 1);
INSERT INTO CARTA_ESPECIAL_COLOR (id_carta, color, tipo) VALUES (64, 'amarillo', 'reversa_castigo');

INSERT INTO CARTA (id_carta, id_estilo) VALUES (65, 1);
INSERT INTO CARTA_ESPECIAL_COLOR (id_carta, color, tipo) VALUES (65, 'verde', 'reversa_castigo');

INSERT INTO CARTA (id_carta, id_estilo) VALUES (66, 1);
INSERT INTO CARTA_ESPECIAL_COLOR (id_carta, color, tipo) VALUES (66, 'rojo', 'reversa_castigo');

INSERT INTO CARTA (id_carta, id_estilo) VALUES (67, 1);
INSERT INTO CARTA_ESPECIAL_COLOR (id_carta, color, tipo) VALUES (67, 'azul', 'reversa_castigo');

-- cartas especiales
-- comodin +4
INSERT INTO CARTA (id_carta, id_estilo) VALUES (68, 1);
INSERT INTO CARTA_ESPECIAL (id_carta) VALUES (68);

-- comodin (cambia de color)
INSERT INTO CARTA (id_carta, id_estilo) VALUES (69, 1);
INSERT INTO CARTA_ESPECIAL (id_carta) VALUES (69);

-- todos roban
INSERT INTO CARTA (id_carta, id_estilo) VALUES (70, 1);
INSERT INTO CARTA_ESPECIAL (id_carta) VALUES (70);

-- cambiar mazo
INSERT INTO CARTA (id_carta, id_estilo) VALUES (71, 1);
INSERT INTO CARTA_ESPECIAL (id_carta) VALUES (71);

-- reiniciar mazo
INSERT INTO CARTA (id_carta, id_estilo) VALUES (72, 1);
INSERT INTO CARTA_ESPECIAL (id_carta) VALUES (72);

-- reiniciar partida
INSERT INTO CARTA (id_carta, id_estilo) VALUES (73, 1);
INSERT INTO CARTA_ESPECIAL (id_carta) VALUES (73);

-- solo usar cartas especiales
INSERT INTO CARTA (id_carta, id_estilo) VALUES (74, 1);
INSERT INTO CARTA_ESPECIAL (id_carta) VALUES (74);

-- prohibir color
INSERT INTO CARTA (id_carta, id_estilo) VALUES (75, 1);
INSERT INTO CARTA_ESPECIAL (id_carta) VALUES (75);